diffusionRate,evaporationRate,food1,food2,food3,id,population,seed,wiggleAngle
22.4398510057012,96.71303819416794,701.0,785.0,1294.0,0,128.5518162259285,1354240348,44.61694840116018
22.4398510057012,96.71303819416794,868.0,799.0,1193.0,0,128.5518162259285,-114865280,44.61694840116018
22.4398510057012,96.71303819416794,641.0,927.0,929.0,0,128.5518162259285,1131074260,44.61694840116018
22.4398510057012,96.71303819416794,730.0,674.0,1210.0,0,128.5518162259285,58346893,44.61694840116018
22.4398510057012,96.71303819416794,908.0,1062.0,1051.0,0,128.5518162259285,-271115885,44.61694840116018
22.4398510057012,96.71303819416794,597.0,679.0,1219.0,0,128.5518162259285,-1970603866,44.61694840116018
22.4398510057012,96.71303819416794,592.0,788.0,1044.0,0,128.5518162259285,-1773994213,44.61694840116018
22.4398510057012,96.71303819416794,739.0,917.0,1002.0,0,128.5518162259285,-86784347,44.61694840116018
22.4398510057012,96.71303819416794,745.0,1004.0,1129.0,0,128.5518162259285,1692434817,44.61694840116018
22.4398510057012,96.71303819416794,790.0,823.0,1100.0,0,128.5518162259285,735048143,44.61694840116018
22.4398510057012,96.71303819416794,720.0,762.0,1241.0,0,128.5518162259285,903918291,44.61694840116018
22.4398510057012,96.71303819416794,600.0,892.0,1235.0,0,128.5518162259285,1867796622,44.61694840116018
22.4398510057012,96.71303819416794,688.0,949.0,1180.0,0,128.5518162259285,2083278137,44.61694840116018
22.4398510057012,96.71303819416794,629.0,842.0,1387.0,0,128.5518162259285,834866435,44.61694840116018
22.4398510057012,96.71303819416794,861.0,879.0,1396.0,0,128.5518162259285,376952244,44.61694840116018
22.4398510057012,96.71303819416794,660.0,674.0,1101.0,0,128.5518162259285,1889394454,44.61694840116018
22.4398510057012,96.71303819416794,613.0,868.0,1177.0,0,128.5518162259285,107817963,44.61694840116018
22.4398510057012,96.71303819416794,755.0,868.0,1118.0,0,128.5518162259285,-1608026123,44.61694840116018
22.4398510057012,96.71303819416794,675.0,620.0,1185.0,0,128.5518162259285,-1112499656,44.61694840116018
22.4398510057012,96.71303819416794,676.0,743.0,1250.0,0,128.5518162259285,267544021,44.61694840116018
98.26394303286891,78.85624562227727,646.0,1056.0,1366.0,9,188.29963444320455,2031287934,75.45894062741986
22.4398510057012,96.71303819416794,653.0,903.0,1205.0,0,128.5518162259285,-650039412,44.61694840116018
98.26394303286891,78.85624562227727,613.0,1045.0,1426.0,9,188.29963444320455,1419832512,75.45894062741986
22.4398510057012,96.71303819416794,724.0,763.0,1249.0,0,128.5518162259285,915638899,44.61694840116018
98.26394303286891,78.85624562227727,608.0,964.0,1380.0,9,188.29963444320455,-820057823,75.45894062741986
98.26394303286891,78.85624562227727,783.0,858.0,1443.0,9,188.29963444320455,233446041,75.45894062741986
22.4398510057012,96.71303819416794,617.0,700.0,1291.0,0,128.5518162259285,784532777,44.61694840116018
98.26394303286891,78.85624562227727,666.0,974.0,1173.0,9,188.29963444320455,696893092,75.45894062741986
98.26394303286891,78.85624562227727,707.0,844.0,1399.0,9,188.29963444320455,-1968347681,75.45894062741986
22.4398510057012,96.71303819416794,670.0,939.0,1470.0,0,128.5518162259285,1466846862,44.61694840116018
98.26394303286891,78.85624562227727,598.0,862.0,1622.0,9,188.29963444320455,-1121028826,75.45894062741986
22.4398510057012,96.71303819416794,555.0,882.0,1297.0,0,128.5518162259285,1317308591,44.61694840116018
22.4398510057012,96.71303819416794,671.0,810.0,1106.0,0,128.5518162259285,-2009079541,44.61694840116018
22.4398510057012,96.71303819416794,560.0,870.0,1429.0,0,128.5518162259285,-2033314692,44.61694840116018
22.4398510057012,96.71303819416794,615.0,781.0,1068.0,0,128.5518162259285,41529903,44.61694840116018
22.4398510057012,96.71303819416794,572.0,792.0,1324.0,0,128.5518162259285,-591168881,44.61694840116018
22.4398510057012,96.71303819416794,686.0,791.0,1692.0,0,128.5518162259285,-200272359,44.61694840116018
98.26394303286891,78.85624562227727,655.0,874.0,1427.0,9,188.29963444320455,186828986,75.45894062741986
22.4398510057012,96.71303819416794,626.0,908.0,1321.0,0,128.5518162259285,1978490019,44.61694840116018
98.26394303286891,78.85624562227727,517.0,1050.0,1724.0,9,188.29963444320455,-1980471630,75.45894062741986
22.4398510057012,96.71303819416794,585.0,827.0,1274.0,0,128.5518162259285,1186723082,44.61694840116018
98.26394303286891,78.85624562227727,581.0,1150.0,1422.0,9,188.29963444320455,-965666987,75.45894062741986
22.4398510057012,96.71303819416794,793.0,806.0,1021.0,0,128.5518162259285,1314647519,44.61694840116018
22.4398510057012,96.71303819416794,630.0,850.0,1243.0,0,128.5518162259285,1590439511,44.61694840116018
22.4398510057012,96.71303819416794,716.0,971.0,1132.0,0,128.5518162259285,274862627,44.61694840116018
22.4398510057012,96.71303819416794,491.0,955.0,1087.0,0,128.5518162259285,798968053,44.61694840116018
22.4398510057012,96.71303819416794,715.0,1054.0,1121.0,0,128.5518162259285,-1726405737,44.61694840116018
22.4398510057012,96.71303819416794,591.0,772.0,1051.0,0,128.5518162259285,367109710,44.61694840116018
22.4398510057012,96.71303819416794,703.0,868.0,954.0,0,128.5518162259285,2040629206,44.61694840116018
98.26394303286891,78.85624562227727,585.0,974.0,1573.0,9,188.29963444320455,1844164586,75.45894062741986
22.4398510057012,96.71303819416794,790.0,770.0,1126.0,0,128.5518162259285,-1229207413,44.61694840116018
98.26394303286891,78.85624562227727,704.0,960.0,1337.0,9,188.29963444320455,-198809036,75.45894062741986
22.4398510057012,96.71303819416794,701.0,614.0,1092.0,0,128.5518162259285,-951382719,44.61694840116018
22.4398510057012,96.71303819416794,637.0,839.0,1212.0,0,128.5518162259285,-390600992,44.61694840116018
22.4398510057012,96.71303819416794,692.0,957.0,1091.0,0,128.5518162259285,2087924024,44.61694840116018
22.4398510057012,96.71303819416794,596.0,917.0,1383.0,0,128.5518162259285,-506661383,44.61694840116018
22.4398510057012,96.71303819416794,727.0,645.0,1256.0,0,128.5518162259285,226952288,44.61694840116018
22.4398510057012,96.71303819416794,709.0,1036.0,1276.0,0,128.5518162259285,-1578883107,44.61694840116018
22.4398510057012,96.71303819416794,717.0,790.0,1224.0,0,128.5518162259285,1714422759,44.61694840116018
22.4398510057012,96.71303819416794,770.0,893.0,1347.0,0,128.5518162259285,2023152005,44.61694840116018
22.4398510057012,96.71303819416794,886.0,823.0,1148.0,0,128.5518162259285,-89567847,44.61694840116018
22.4398510057012,96.71303819416794,833.0,903.0,1348.0,0,128.5518162259285,876190043,44.61694840116018
22.4398510057012,96.71303819416794,605.0,926.0,1042.0,0,128.5518162259285,-1420227154,44.61694840116018
22.4398510057012,96.71303819416794,623.0,737.0,1121.0,0,128.5518162259285,828187230,44.61694840116018
22.4398510057012,96.71303819416794,745.0,787.0,1139.0,0,128.5518162259285,-105335308,44.61694840116018
22.4398510057012,96.71303819416794,921.0,848.0,1254.0,0,128.5518162259285,-2101583844,44.61694840116018
22.4398510057012,96.71303819416794,736.0,729.0,1282.0,0,128.5518162259285,-245007529,44.61694840116018
22.4398510057012,96.71303819416794,662.0,904.0,1138.0,0,128.5518162259285,-1579224857,44.61694840116018
22.4398510057012,96.71303819416794,552.0,732.0,1020.0,0,128.5518162259285,1551986852,44.61694840116018
22.4398510057012,96.71303819416794,697.0,881.0,1351.0,0,128.5518162259285,-747707416,44.61694840116018
98.26394303286891,78.85624562227727,618.0,1049.0,1583.0,9,188.29963444320455,-403926445,75.45894062741986
22.4398510057012,96.71303819416794,744.0,828.0,1551.0,0,128.5518162259285,1738367767,44.61694840116018
22.4398510057012,96.71303819416794,700.0,749.0,1254.0,0,128.5518162259285,1865299938,44.61694840116018
22.4398510057012,96.71303819416794,746.0,876.0,1358.0,0,128.5518162259285,1266642810,44.61694840116018
22.4398510057012,96.71303819416794,844.0,606.0,1282.0,0,128.5518162259285,763072270,44.61694840116018
22.4398510057012,96.71303819416794,626.0,600.0,1351.0,0,128.5518162259285,708240768,44.61694840116018
22.4398510057012,96.71303819416794,640.0,783.0,1672.0,0,128.5518162259285,-150387728,44.61694840116018
98.26394303286891,78.85624562227727,731.0,842.0,1399.0,9,188.29963444320455,-36601689,75.45894062741986
98.26394303286891,78.85624562227727,719.0,1092.0,1280.0,9,188.29963444320455,696593373,75.45894062741986
98.26394303286891,78.85624562227727,683.0,1040.0,1706.0,9,188.29963444320455,417436045,75.45894062741986
98.26394303286891,78.85624562227727,549.0,1037.0,1461.0,9,188.29963444320455,817042360,75.45894062741986
98.26394303286891,78.85624562227727,591.0,1047.0,1527.0,9,188.29963444320455,-1883829431,75.45894062741986
98.26394303286891,78.85624562227727,575.0,941.0,1331.0,9,188.29963444320455,-1959716238,75.45894062741986
98.26394303286891,78.85624562227727,621.0,1094.0,1628.0,9,188.29963444320455,-876754194,75.45894062741986
98.26394303286891,78.85624562227727,666.0,948.0,1283.0,9,188.29963444320455,-856128232,75.45894062741986
98.26394303286891,78.85624562227727,647.0,882.0,1515.0,9,188.29963444320455,-148537597,75.45894062741986
98.26394303286891,78.85624562227727,610.0,984.0,1467.0,9,188.29963444320455,-1957531434,75.45894062741986
98.26394303286891,78.85624562227727,619.0,927.0,1411.0,9,188.29963444320455,1523951519,75.45894062741986
98.26394303286891,78.85624562227727,549.0,986.0,1408.0,9,188.29963444320455,-586161994,75.45894062741986
98.26394303286891,78.85624562227727,655.0,870.0,1409.0,9,188.29963444320455,1298344484,75.45894062741986
98.26394303286891,78.85624562227727,597.0,858.0,1126.0,9,188.29963444320455,-677289251,75.45894062741986
98.26394303286891,78.85624562227727,651.0,1045.0,1557.0,9,188.29963444320455,1302571971,75.45894062741986
98.26394303286891,78.85624562227727,581.0,920.0,1503.0,9,188.29963444320455,1816534144,75.45894062741986
98.26394303286891,78.85624562227727,574.0,944.0,1487.0,9,188.29963444320455,-1288135139,75.45894062741986
98.26394303286891,78.85624562227727,666.0,865.0,1739.0,9,188.29963444320455,-339109327,75.45894062741986
98.26394303286891,78.85624562227727,582.0,834.0,1490.0,9,188.29963444320455,403059350,75.45894062741986
98.26394303286891,78.85624562227727,655.0,1070.0,1433.0,9,188.29963444320455,1877780134,75.45894062741986
98.26394303286891,78.85624562227727,601.0,1048.0,1225.0,9,188.29963444320455,1098085297,75.45894062741986
98.26394303286891,78.85624562227727,650.0,903.0,1554.0,9,188.29963444320455,1066189367,75.45894062741986
98.26394303286891,78.85624562227727,648.0,903.0,1525.0,9,188.29963444320455,686061659,75.45894062741986
98.26394303286891,78.85624562227727,705.0,1001.0,1348.0,9,188.29963444320455,-708425453,75.45894062741986
98.26394303286891,78.85624562227727,577.0,911.0,1442.0,9,188.29963444320455,1103053185,75.45894062741986
98.26394303286891,78.85624562227727,518.0,949.0,1543.0,9,188.29963444320455,1258561610,75.45894062741986
98.26394303286891,78.85624562227727,667.0,1017.0,1285.0,9,188.29963444320455,-583653433,75.45894062741986
11.729343689729387,12.939687652893623,230.0,385.0,787.0,8,116.92541364690096,450829582,16.276341228830837
11.729343689729387,12.939687652893623,274.0,380.0,638.0,8,116.92541364690096,161280201,16.276341228830837
98.26394303286891,78.85624562227727,672.0,945.0,1658.0,9,188.29963444320455,-1951222549,75.45894062741986
11.729343689729387,12.939687652893623,262.0,351.0,1259.0,8,116.92541364690096,2095326101,16.276341228830837
11.729343689729387,12.939687652893623,209.0,514.0,861.0,8,116.92541364690096,-481781808,16.276341228830837
98.26394303286891,78.85624562227727,526.0,908.0,1528.0,9,188.29963444320455,-229821622,75.45894062741986
98.26394303286891,78.85624562227727,622.0,1012.0,1496.0,9,188.29963444320455,1285550443,75.45894062741986
98.26394303286891,78.85624562227727,680.0,911.0,1324.0,9,188.29963444320455,1188094793,75.45894062741986
98.26394303286891,78.85624562227727,606.0,953.0,1689.0,9,188.29963444320455,-1901571395,75.45894062741986
11.729343689729387,12.939687652893623,238.0,444.0,842.0,8,116.92541364690096,548301142,16.276341228830837
11.729343689729387,12.939687652893623,228.0,381.0,959.0,8,116.92541364690096,-972129180,16.276341228830837
98.26394303286891,78.85624562227727,667.0,803.0,1478.0,9,188.29963444320455,199256064,75.45894062741986
98.26394303286891,78.85624562227727,679.0,859.0,1372.0,9,188.29963444320455,1929187584,75.45894062741986
11.729343689729387,12.939687652893623,213.0,391.0,1098.0,8,116.92541364690096,2086455170,16.276341228830837
98.26394303286891,78.85624562227727,574.0,908.0,1577.0,9,188.29963444320455,-674188750,75.45894062741986
11.729343689729387,12.939687652893623,205.0,388.0,1242.0,8,116.92541364690096,512177377,16.276341228830837
98.26394303286891,78.85624562227727,629.0,1006.0,1414.0,9,188.29963444320455,-86314810,75.45894062741986
98.26394303286891,78.85624562227727,617.0,1006.0,1298.0,9,188.29963444320455,945765823,75.45894062741986
98.26394303286891,78.85624562227727,538.0,872.0,1624.0,9,188.29963444320455,1757102058,75.45894062741986
11.729343689729387,12.939687652893623,195.0,394.0,1433.0,8,116.92541364690096,-1999158465,16.276341228830837
11.729343689729387,12.939687652893623,223.0,434.0,860.0,8,116.92541364690096,1397632589,16.276341228830837
98.26394303286891,78.85624562227727,559.0,985.0,1251.0,9,188.29963444320455,-1877475481,75.45894062741986
98.26394303286891,78.85624562227727,767.0,913.0,1260.0,9,188.29963444320455,1930416975,75.45894062741986
11.729343689729387,12.939687652893623,219.0,406.0,859.0,8,116.92541364690096,-1536175710,16.276341228830837
11.729343689729387,12.939687652893623,228.0,315.0,1307.0,8,116.92541364690096,2121990566,16.276341228830837
11.729343689729387,12.939687652893623,239.0,566.0,1123.0,8,116.92541364690096,-1084520257,16.276341228830837
11.729343689729387,12.939687652893623,226.0,426.0,1353.0,8,116.92541364690096,-1622927778,16.276341228830837
98.26394303286891,78.85624562227727,601.0,1132.0,1604.0,9,188.29963444320455,148106850,75.45894062741986
98.26394303286891,78.85624562227727,545.0,985.0,1335.0,9,188.29963444320455,-1876269069,75.45894062741986
98.26394303286891,78.85624562227727,490.0,1009.0,1406.0,9,188.29963444320455,935372325,75.45894062741986
98.26394303286891,78.85624562227727,651.0,1163.0,1396.0,9,188.29963444320455,303143602,75.45894062741986
11.729343689729387,12.939687652893623,244.0,402.0,866.0,8,116.92541364690096,-78607005,16.276341228830837
11.729343689729387,12.939687652893623,246.0,411.0,1029.0,8,116.92541364690096,238587586,16.276341228830837
11.729343689729387,12.939687652893623,247.0,354.0,1002.0,8,116.92541364690096,677195741,16.276341228830837
11.729343689729387,12.939687652893623,276.0,449.0,1179.0,8,116.92541364690096,-1852205518,16.276341228830837
98.26394303286891,78.85624562227727,561.0,931.0,1615.0,9,188.29963444320455,719095291,75.45894062741986
98.26394303286891,78.85624562227727,589.0,925.0,1523.0,9,188.29963444320455,2069718087,75.45894062741986
98.26394303286891,78.85624562227727,701.0,930.0,1361.0,9,188.29963444320455,1183801594,75.45894062741986
11.729343689729387,12.939687652893623,237.0,386.0,799.0,8,116.92541364690096,848306671,16.276341228830837
98.26394303286891,78.85624562227727,747.0,925.0,1476.0,9,188.29963444320455,-1817183230,75.45894062741986
11.729343689729387,12.939687652893623,258.0,352.0,1062.0,8,116.92541364690096,1067807281,16.276341228830837
11.729343689729387,12.939687652893623,208.0,367.0,1015.0,8,116.92541364690096,-387266330,16.276341228830837
11.729343689729387,12.939687652893623,244.0,424.0,831.0,8,116.92541364690096,-18663836,16.276341228830837
11.729343689729387,12.939687652893623,200.0,426.0,1033.0,8,116.92541364690096,2033402697,16.276341228830837
98.26394303286891,78.85624562227727,603.0,799.0,1579.0,9,188.29963444320455,-1270842406,75.45894062741986
11.729343689729387,12.939687652893623,212.0,465.0,1007.0,8,116.92541364690096,-1384572070,16.276341228830837
11.729343689729387,12.939687652893623,245.0,347.0,764.0,8,116.92541364690096,314810634,16.276341228830837
11.729343689729387,12.939687652893623,254.0,413.0,1056.0,8,116.92541364690096,-956414683,16.276341228830837
11.729343689729387,12.939687652893623,266.0,488.0,906.0,8,116.92541364690096,1079506315,16.276341228830837
11.729343689729387,12.939687652893623,247.0,555.0,716.0,8,116.92541364690096,-211186776,16.276341228830837
11.729343689729387,12.939687652893623,526.0,414.0,790.0,8,116.92541364690096,-1617681453,16.276341228830837
11.729343689729387,12.939687652893623,297.0,818.0,1322.0,8,116.92541364690096,1216383608,16.276341228830837
11.729343689729387,12.939687652893623,214.0,597.0,495.0,8,116.92541364690096,-1002903249,16.276341228830837
98.26394303286891,78.85624562227727,598.0,1022.0,1505.0,9,188.29963444320455,1009803796,75.45894062741986
11.729343689729387,12.939687652893623,201.0,360.0,784.0,8,116.92541364690096,1273565206,16.276341228830837
11.729343689729387,12.939687652893623,209.0,336.0,787.0,8,116.92541364690096,683432016,16.276341228830837
11.729343689729387,12.939687652893623,337.0,455.0,718.0,8,116.92541364690096,1173987471,16.276341228830837
11.729343689729387,12.939687652893623,208.0,407.0,958.0,8,116.92541364690096,1751823594,16.276341228830837
11.729343689729387,12.939687652893623,211.0,341.0,828.0,8,116.92541364690096,-1624307250,16.276341228830837
11.729343689729387,12.939687652893623,206.0,308.0,1081.0,8,116.92541364690096,2018068682,16.276341228830837
11.729343689729387,12.939687652893623,281.0,353.0,855.0,8,116.92541364690096,-1205856672,16.276341228830837
11.729343689729387,12.939687652893623,263.0,347.0,873.0,8,116.92541364690096,1040302458,16.276341228830837
11.729343689729387,12.939687652893623,261.0,416.0,2218.0,8,116.92541364690096,226819349,16.276341228830837
11.729343689729387,12.939687652893623,238.0,350.0,994.0,8,116.92541364690096,-314122461,16.276341228830837
11.729343689729387,12.939687652893623,251.0,491.0,1636.0,8,116.92541364690096,835982971,16.276341228830837
11.729343689729387,12.939687652893623,214.0,474.0,1626.0,8,116.92541364690096,-830029676,16.276341228830837
11.729343689729387,12.939687652893623,266.0,387.0,929.0,8,116.92541364690096,1859902900,16.276341228830837
11.729343689729387,12.939687652893623,213.0,444.0,698.0,8,116.92541364690096,-521851274,16.276341228830837
11.729343689729387,12.939687652893623,216.0,422.0,1174.0,8,116.92541364690096,949772687,16.276341228830837
11.729343689729387,12.939687652893623,211.0,448.0,794.0,8,116.92541364690096,-1385074713,16.276341228830837
11.729343689729387,12.939687652893623,192.0,521.0,988.0,8,116.92541364690096,-695382370,16.276341228830837
11.729343689729387,12.939687652893623,223.0,377.0,1031.0,8,116.92541364690096,1177614152,16.276341228830837
11.729343689729387,12.939687652893623,248.0,392.0,989.0,8,116.92541364690096,673130711,16.276341228830837
76.57479226131737,60.24522749783598,752.0,1172.0,1567.0,7,131.62004579856955,201649276,36.16494481601812
11.729343689729387,12.939687652893623,206.0,355.0,894.0,8,116.92541364690096,1740279185,16.276341228830837
11.729343689729387,12.939687652893623,201.0,478.0,729.0,8,116.92541364690096,-1283832525,16.276341228830837
11.729343689729387,12.939687652893623,219.0,555.0,1487.0,8,116.92541364690096,-512299578,16.276341228830837
11.729343689729387,12.939687652893623,263.0,305.0,730.0,8,116.92541364690096,-393741932,16.276341228830837
76.57479226131737,60.24522749783598,697.0,1227.0,2103.0,7,131.62004579856955,485662021,36.16494481601812
11.729343689729387,12.939687652893623,205.0,335.0,680.0,8,116.92541364690096,989288030,16.276341228830837
11.729343689729387,12.939687652893623,324.0,392.0,923.0,8,116.92541364690096,-529368834,16.276341228830837
11.729343689729387,12.939687652893623,227.0,435.0,1208.0,8,116.92541364690096,-2004552753,16.276341228830837
76.57479226131737,60.24522749783598,610.0,1231.0,2048.0,7,131.62004579856955,-378983221,36.16494481601812
76.57479226131737,60.24522749783598,671.0,954.0,1802.0,7,131.62004579856955,-1199782917,36.16494481601812
11.729343689729387,12.939687652893623,236.0,621.0,803.0,8,116.92541364690096,1785670807,16.276341228830837
11.729343689729387,12.939687652893623,227.0,450.0,1180.0,8,116.92541364690096,1486089491,16.276341228830837
76.57479226131737,60.24522749783598,724.0,1013.0,1424.0,7,131.62004579856955,374892281,36.16494481601812
11.729343689729387,12.939687652893623,244.0,919.0,509.0,8,116.92541364690096,667728616,16.276341228830837
11.729343689729387,12.939687652893623,246.0,447.0,677.0,8,116.92541364690096,-359974682,16.276341228830837
11.729343689729387,12.939687652893623,241.0,435.0,1134.0,8,116.92541364690096,-558569131,16.276341228830837
76.57479226131737,60.24522749783598,669.0,1069.0,1768.0,7,131.62004579856955,1107070436,36.16494481601812
76.57479226131737,60.24522749783598,636.0,1117.0,1911.0,7,131.62004579856955,1210755522,36.16494481601812
11.729343689729387,12.939687652893623,240.0,792.0,667.0,8,116.92541364690096,-1093717727,16.276341228830837
11.729343689729387,12.939687652893623,226.0,451.0,1896.0,8,116.92541364690096,-1357854548,16.276341228830837
76.57479226131737,60.24522749783598,690.0,995.0,2011.0,7,131.62004579856955,89611679,36.16494481601812
76.57479226131737,60.24522749783598,769.0,1008.0,1834.0,7,131.62004579856955,547767015,36.16494481601812
76.57479226131737,60.24522749783598,609.0,1168.0,1530.0,7,131.62004579856955,-378541127,36.16494481601812
76.57479226131737,60.24522749783598,723.0,1032.0,1986.0,7,131.62004579856955,-1654755438,36.16494481601812
76.57479226131737,60.24522749783598,739.0,881.0,1922.0,7,131.62004579856955,-1913523402,36.16494481601812
76.57479226131737,60.24522749783598,600.0,1292.0,2107.0,7,131.62004579856955,-1656345692,36.16494481601812
76.57479226131737,60.24522749783598,749.0,1012.0,1670.0,7,131.62004579856955,375304244,36.16494481601812
76.57479226131737,60.24522749783598,677.0,929.0,1832.0,7,131.62004579856955,1797818154,36.16494481601812
76.57479226131737,60.24522749783598,664.0,1094.0,1852.0,7,131.62004579856955,166570435,36.16494481601812
76.57479226131737,60.24522749783598,692.0,1114.0,2049.0,7,131.62004579856955,2013970346,36.16494481601812
76.57479226131737,60.24522749783598,721.0,1384.0,1784.0,7,131.62004579856955,647353271,36.16494481601812
76.57479226131737,60.24522749783598,712.0,1012.0,1794.0,7,131.62004579856955,-27040703,36.16494481601812
76.57479226131737,60.24522749783598,626.0,1309.0,1800.0,7,131.62004579856955,-2110263731,36.16494481601812
76.57479226131737,60.24522749783598,716.0,962.0,1963.0,7,131.62004579856955,7103521,36.16494481601812
76.57479226131737,60.24522749783598,653.0,1101.0,1869.0,7,131.62004579856955,1762234681,36.16494481601812
76.57479226131737,60.24522749783598,652.0,1292.0,1999.0,7,131.62004579856955,1899738278,36.16494481601812
76.57479226131737,60.24522749783598,600.0,1033.0,1804.0,7,131.62004579856955,1186402782,36.16494481601812
76.57479226131737,60.24522749783598,644.0,951.0,1998.0,7,131.62004579856955,-107888265,36.16494481601812
76.57479226131737,60.24522749783598,760.0,1008.0,1964.0,7,131.62004579856955,-1916624417,36.16494481601812
76.57479226131737,60.24522749783598,634.0,1236.0,1808.0,7,131.62004579856955,1803258685,36.16494481601812
76.57479226131737,60.24522749783598,674.0,994.0,1625.0,7,131.62004579856955,-1377780977,36.16494481601812
76.57479226131737,60.24522749783598,731.0,1181.0,1545.0,7,131.62004579856955,1468605647,36.16494481601812
76.57479226131737,60.24522749783598,777.0,1026.0,1822.0,7,131.62004579856955,-204430813,36.16494481601812
76.57479226131737,60.24522749783598,721.0,1000.0,1816.0,7,131.62004579856955,345995342,36.16494481601812
76.57479226131737,60.24522749783598,732.0,984.0,1687.0,7,131.62004579856955,571943219,36.16494481601812
76.57479226131737,60.24522749783598,767.0,1011.0,1837.0,7,131.62004579856955,128253910,36.16494481601812
76.57479226131737,60.24522749783598,721.0,1147.0,2044.0,7,131.62004579856955,282691764,36.16494481601812
76.57479226131737,60.24522749783598,660.0,1043.0,1825.0,7,131.62004579856955,788125692,36.16494481601812
76.57479226131737,60.24522749783598,598.0,1002.0,1793.0,7,131.62004579856955,1425040045,36.16494481601812
76.57479226131737,60.24522749783598,817.0,1121.0,1620.0,7,131.62004579856955,1023824782,36.16494481601812
76.57479226131737,60.24522749783598,786.0,1138.0,1815.0,7,131.62004579856955,865681492,36.16494481601812
76.57479226131737,60.24522749783598,761.0,1195.0,1841.0,7,131.62004579856955,-1467552354,36.16494481601812
76.57479226131737,60.24522749783598,695.0,1152.0,2124.0,7,131.62004579856955,-214288196,36.16494481601812
76.57479226131737,60.24522749783598,681.0,1087.0,1832.0,7,131.62004579856955,704508512,36.16494481601812
76.57479226131737,60.24522749783598,618.0,1319.0,2030.0,7,131.62004579856955,537779788,36.16494481601812
76.57479226131737,60.24522749783598,719.0,1088.0,2158.0,7,131.62004579856955,1313141902,36.16494481601812
76.57479226131737,60.24522749783598,706.0,981.0,1894.0,7,131.62004579856955,833044271,36.16494481601812
76.57479226131737,60.24522749783598,706.0,1053.0,1603.0,7,131.62004579856955,750211637,36.16494481601812
76.57479226131737,60.24522749783598,779.0,991.0,1768.0,7,131.62004579856955,-21686731,36.16494481601812
76.57479226131737,60.24522749783598,661.0,1072.0,1751.0,7,131.62004579856955,-2079511326,36.16494481601812
76.57479226131737,60.24522749783598,666.0,1033.0,1865.0,7,131.62004579856955,529819966,36.16494481601812
76.57479226131737,60.24522749783598,710.0,979.0,1766.0,7,131.62004579856955,741309142,36.16494481601812
76.57479226131737,60.24522749783598,653.0,1025.0,2169.0,7,131.62004579856955,1900989909,36.16494481601812
76.57479226131737,60.24522749783598,802.0,1206.0,2022.0,7,131.62004579856955,947224185,36.16494481601812
76.57479226131737,60.24522749783598,722.0,899.0,1631.0,7,131.62004579856955,259424782,36.16494481601812
76.57479226131737,60.24522749783598,725.0,1147.0,1664.0,7,131.62004579856955,-1080692676,36.16494481601812
76.57479226131737,60.24522749783598,586.0,1183.0,1881.0,7,131.62004579856955,-1052470454,36.16494481601812
76.57479226131737,60.24522749783598,675.0,912.0,1891.0,7,131.62004579856955,-687136435,36.16494481601812
76.57479226131737,60.24522749783598,633.0,1083.0,1927.0,7,131.62004579856955,-320907626,36.16494481601812
76.57479226131737,60.24522749783598,629.0,1025.0,1746.0,7,131.62004579856955,-1961018804,36.16494481601812
76.57479226131737,60.24522749783598,640.0,1127.0,1946.0,7,131.62004579856955,1972490770,36.16494481601812
76.57479226131737,60.24522749783598,680.0,1142.0,1793.0,7,131.62004579856955,177241831,36.16494481601812
76.57479226131737,60.24522749783598,701.0,1061.0,1737.0,7,131.62004579856955,399699019,36.16494481601812
76.57479226131737,60.24522749783598,817.0,1243.0,1941.0,7,131.62004579856955,-1583351927,36.16494481601812
76.57479226131737,60.24522749783598,793.0,1028.0,1903.0,7,131.62004579856955,-727024442,36.16494481601812
64.9535669279185,22.290656679392335,289.0,1482.0,2996.0,6,192.00274191024374,-1129026694,67.41932149923991
64.9535669279185,22.290656679392335,226.0,1025.0,2670.0,6,192.00274191024374,-1495506071,67.41932149923991
76.57479226131737,60.24522749783598,684.0,1165.0,1721.0,7,131.62004579856955,-725966247,36.16494481601812
64.9535669279185,22.290656679392335,331.0,1486.0,2914.0,6,192.00274191024374,2094032324,67.41932149923991
76.57479226131737,60.24522749783598,697.0,1267.0,1561.0,7,131.62004579856955,-183124628,36.16494481601812
64.9535669279185,22.290656679392335,241.0,647.0,2824.0,6,192.00274191024374,2093989371,67.41932149923991
64.9535669279185,22.290656679392335,256.0,1180.0,3243.0,6,192.00274191024374,-1365451182,67.41932149923991
64.9535669279185,22.290656679392335,278.0,848.0,2958.0,6,192.00274191024374,140166325,67.41932149923991
64.9535669279185,22.290656679392335,231.0,901.0,3278.0,6,192.00274191024374,1629363025,67.41932149923991
64.9535669279185,22.290656679392335,305.0,811.0,3193.0,6,192.00274191024374,1357680765,67.41932149923991
64.9535669279185,22.290656679392335,324.0,1029.0,3049.0,6,192.00274191024374,-695380156,67.41932149923991
64.9535669279185,22.290656679392335,260.0,1445.0,3142.0,6,192.00274191024374,1675764918,67.41932149923991
64.9535669279185,22.290656679392335,254.0,1033.0,3093.0,6,192.00274191024374,35426902,67.41932149923991
64.9535669279185,22.290656679392335,258.0,1394.0,3099.0,6,192.00274191024374,-1965441545,67.41932149923991
64.9535669279185,22.290656679392335,418.0,861.0,3111.0,6,192.00274191024374,634414299,67.41932149923991
64.9535669279185,22.290656679392335,261.0,1421.0,3201.0,6,192.00274191024374,-1421836849,67.41932149923991
64.9535669279185,22.290656679392335,276.0,1421.0,2501.0,6,192.00274191024374,1559583462,67.41932149923991
64.9535669279185,22.290656679392335,264.0,1425.0,3422.0,6,192.00274191024374,1870503654,67.41932149923991
64.9535669279185,22.290656679392335,263.0,1800.0,3458.0,6,192.00274191024374,717619943,67.41932149923991
64.9535669279185,22.290656679392335,258.0,1580.0,2856.0,6,192.00274191024374,-4156484,67.41932149923991
64.9535669279185,22.290656679392335,255.0,1031.0,3046.0,6,192.00274191024374,412627636,67.41932149923991
64.9535669279185,22.290656679392335,236.0,1151.0,2899.0,6,192.00274191024374,-1577901381,67.41932149923991
64.9535669279185,22.290656679392335,240.0,1653.0,2836.0,6,192.00274191024374,2078801318,67.41932149923991
64.9535669279185,22.290656679392335,233.0,1290.0,3360.0,6,192.00274191024374,1545304094,67.41932149923991
64.9535669279185,22.290656679392335,322.0,1571.0,3241.0,6,192.00274191024374,-541448553,67.41932149923991
64.9535669279185,22.290656679392335,234.0,1726.0,3221.0,6,192.00274191024374,-956612675,67.41932149923991
64.9535669279185,22.290656679392335,237.0,1459.0,3037.0,6,192.00274191024374,1867731910,67.41932149923991
64.9535669279185,22.290656679392335,226.0,1532.0,3371.0,6,192.00274191024374,-213057712,67.41932149923991
64.9535669279185,22.290656679392335,248.0,1237.0,3633.0,6,192.00274191024374,1020915917,67.41932149923991
64.9535669279185,22.290656679392335,263.0,1577.0,3437.0,6,192.00274191024374,381048281,67.41932149923991
64.9535669279185,22.290656679392335,226.0,1145.0,3010.0,6,192.00274191024374,-1875443397,67.41932149923991
64.9535669279185,22.290656679392335,242.0,1358.0,3191.0,6,192.00274191024374,-453289843,67.41932149923991
64.9535669279185,22.290656679392335,237.0,1504.0,2677.0,6,192.00274191024374,-533086619,67.41932149923991
64.9535669279185,22.290656679392335,248.0,1523.0,3442.0,6,192.00274191024374,663367980,67.41932149923991
64.9535669279185,22.290656679392335,279.0,1155.0,3563.0,6,192.00274191024374,-552148700,67.41932149923991
64.9535669279185,22.290656679392335,258.0,660.0,3014.0,6,192.00274191024374,481017725,67.41932149923991
64.9535669279185,22.290656679392335,247.0,1483.0,2980.0,6,192.00274191024374,-791268319,67.41932149923991
64.9535669279185,22.290656679392335,240.0,767.0,2997.0,6,192.00274191024374,1210644677,67.41932149923991
64.9535669279185,22.290656679392335,240.0,1630.0,3300.0,6,192.00274191024374,-1253513590,67.41932149923991
64.9535669279185,22.290656679392335,323.0,1119.0,2954.0,6,192.00274191024374,1045772928,67.41932149923991
64.9535669279185,22.290656679392335,246.0,1228.0,3367.0,6,192.00274191024374,2053046980,67.41932149923991
64.9535669279185,22.290656679392335,291.0,833.0,3365.0,6,192.00274191024374,2008331702,67.41932149923991
64.9535669279185,22.290656679392335,283.0,1298.0,3293.0,6,192.00274191024374,801217052,67.41932149923991
64.9535669279185,22.290656679392335,416.0,1412.0,3246.0,6,192.00274191024374,-1703729450,67.41932149923991
64.9535669279185,22.290656679392335,318.0,604.0,2655.0,6,192.00274191024374,-1717820998,67.41932149923991
64.9535669279185,22.290656679392335,293.0,1082.0,3041.0,6,192.00274191024374,-2007751721,67.41932149923991
64.9535669279185,22.290656679392335,232.0,1523.0,2935.0,6,192.00274191024374,602806189,67.41932149923991
64.9535669279185,22.290656679392335,223.0,1555.0,2910.0,6,192.00274191024374,909793900,67.41932149923991
64.9535669279185,22.290656679392335,244.0,1470.0,3223.0,6,192.00274191024374,-1239266871,67.41932149923991
64.9535669279185,22.290656679392335,215.0,1439.0,3231.0,6,192.00274191024374,185359477,67.41932149923991
64.9535669279185,22.290656679392335,228.0,1557.0,2844.0,6,192.00274191024374,-672100535,67.41932149923991
64.9535669279185,22.290656679392335,242.0,1503.0,2778.0,6,192.00274191024374,-288317258,67.41932149923991
81.47413967885049,9.499133299770987,150.0,459.0,562.0,5,152.1933587914353,-1922421679,13.228049221612793
81.47413967885049,9.499133299770987,166.0,444.0,552.0,5,152.1933587914353,-198644150,13.228049221612793
64.9535669279185,22.290656679392335,239.0,1374.0,3110.0,6,192.00274191024374,-1123881521,67.41932149923991
64.9535669279185,22.290656679392335,275.0,1275.0,2690.0,6,192.00274191024374,-1381085702,67.41932149923991
64.9535669279185,22.290656679392335,274.0,1567.0,3267.0,6,192.00274191024374,-1379119314,67.41932149923991
64.9535669279185,22.290656679392335,273.0,858.0,3154.0,6,192.00274191024374,1205639775,67.41932149923991
64.9535669279185,22.290656679392335,238.0,1150.0,3309.0,6,192.00274191024374,-1151933790,67.41932149923991
81.47413967885049,9.499133299770987,211.0,393.0,381.0,5,152.1933587914353,48493547,13.228049221612793
81.47413967885049,9.499133299770987,159.0,417.0,791.0,5,152.1933587914353,-625487944,13.228049221612793
81.47413967885049,9.499133299770987,172.0,450.0,911.0,5,152.1933587914353,1593365252,13.228049221612793
64.9535669279185,22.290656679392335,324.0,1275.0,2958.0,6,192.00274191024374,2052559387,67.41932149923991
81.47413967885049,9.499133299770987,163.0,468.0,543.0,5,152.1933587914353,21276634,13.228049221612793
81.47413967885049,9.499133299770987,154.0,590.0,495.0,5,152.1933587914353,1278154443,13.228049221612793
81.47413967885049,9.499133299770987,237.0,321.0,444.0,5,152.1933587914353,-136386642,13.228049221612793
81.47413967885049,9.499133299770987,195.0,265.0,635.0,5,152.1933587914353,-1686137850,13.228049221612793
81.47413967885049,9.499133299770987,152.0,407.0,740.0,5,152.1933587914353,-813120257,13.228049221612793
81.47413967885049,9.499133299770987,164.0,312.0,703.0,5,152.1933587914353,-73571042,13.228049221612793
81.47413967885049,9.499133299770987,161.0,463.0,566.0,5,152.1933587914353,-708991466,13.228049221612793
64.9535669279185,22.290656679392335,271.0,1604.0,2425.0,6,192.00274191024374,807429518,67.41932149923991
64.9535669279185,22.290656679392335,288.0,1051.0,3143.0,6,192.00274191024374,1955136199,67.41932149923991
98.26394303286891,78.85624562227727,605.0,891.0,1244.0,9,188.29963444320455,-553030524,75.45894062741986
81.47413967885049,9.499133299770987,157.0,428.0,748.0,5,152.1933587914353,1469964978,13.228049221612793
81.47413967885049,9.499133299770987,203.0,263.0,592.0,5,152.1933587914353,360018204,13.228049221612793
81.47413967885049,9.499133299770987,219.0,261.0,830.0,5,152.1933587914353,422344594,13.228049221612793
64.9535669279185,22.290656679392335,351.0,1883.0,2910.0,6,192.00274191024374,906032003,67.41932149923991
81.47413967885049,9.499133299770987,157.0,458.0,815.0,5,152.1933587914353,-1920243597,13.228049221612793
81.47413967885049,9.499133299770987,174.0,481.0,597.0,5,152.1933587914353,657177041,13.228049221612793
81.47413967885049,9.499133299770987,150.0,691.0,568.0,5,152.1933587914353,-185200061,13.228049221612793
81.47413967885049,9.499133299770987,167.0,485.0,566.0,5,152.1933587914353,-1169340348,13.228049221612793
81.47413967885049,9.499133299770987,169.0,261.0,648.0,5,152.1933587914353,-538395469,13.228049221612793
64.9535669279185,22.290656679392335,239.0,973.0,3184.0,6,192.00274191024374,-1058654859,67.41932149923991
81.47413967885049,9.499133299770987,222.0,259.0,627.0,5,152.1933587914353,-2099077601,13.228049221612793
64.9535669279185,22.290656679392335,219.0,1523.0,2729.0,6,192.00274191024374,1658697734,67.41932149923991
81.47413967885049,9.499133299770987,184.0,455.0,885.0,5,152.1933587914353,-446495624,13.228049221612793
64.9535669279185,22.290656679392335,280.0,1188.0,3240.0,6,192.00274191024374,1681850447,67.41932149923991
64.9535669279185,22.290656679392335,280.0,1609.0,2736.0,6,192.00274191024374,-362673539,67.41932149923991
81.47413967885049,9.499133299770987,171.0,479.0,581.0,5,152.1933587914353,2125704635,13.228049221612793
81.47413967885049,9.499133299770987,190.0,242.0,664.0,5,152.1933587914353,-1785997094,13.228049221612793
81.47413967885049,9.499133299770987,190.0,464.0,817.0,5,152.1933587914353,-109511532,13.228049221612793
81.47413967885049,9.499133299770987,347.0,271.0,375.0,5,152.1933587914353,1101818445,13.228049221612793
81.47413967885049,9.499133299770987,183.0,271.0,873.0,5,152.1933587914353,836178448,13.228049221612793
81.47413967885049,9.499133299770987,168.0,500.0,538.0,5,152.1933587914353,1672691432,13.228049221612793
81.47413967885049,9.499133299770987,152.0,424.0,760.0,5,152.1933587914353,1904771549,13.228049221612793
81.47413967885049,9.499133299770987,269.0,248.0,721.0,5,152.1933587914353,-74650517,13.228049221612793
81.47413967885049,9.499133299770987,165.0,540.0,662.0,5,152.1933587914353,523596641,13.228049221612793
64.9535669279185,22.290656679392335,269.0,1330.0,3075.0,6,192.00274191024374,232481048,67.41932149923991
81.47413967885049,9.499133299770987,174.0,471.0,571.0,5,152.1933587914353,-860616739,13.228049221612793
81.47413967885049,9.499133299770987,249.0,233.0,567.0,5,152.1933587914353,-1252337639,13.228049221612793
81.47413967885049,9.499133299770987,174.0,460.0,575.0,5,152.1933587914353,415520814,13.228049221612793
81.47413967885049,9.499133299770987,160.0,454.0,571.0,5,152.1933587914353,1802816256,13.228049221612793
81.47413967885049,9.499133299770987,183.0,273.0,716.0,5,152.1933587914353,544156054,13.228049221612793
81.47413967885049,9.499133299770987,161.0,616.0,1056.0,5,152.1933587914353,-925289429,13.228049221612793
81.47413967885049,9.499133299770987,156.0,432.0,887.0,5,152.1933587914353,-794214442,13.228049221612793
81.47413967885049,9.499133299770987,161.0,419.0,822.0,5,152.1933587914353,1177668,13.228049221612793
81.47413967885049,9.499133299770987,179.0,465.0,576.0,5,152.1933587914353,-1331482450,13.228049221612793
81.47413967885049,9.499133299770987,163.0,289.0,651.0,5,152.1933587914353,1182403062,13.228049221612793
81.47413967885049,9.499133299770987,194.0,278.0,841.0,5,152.1933587914353,708653807,13.228049221612793
81.47413967885049,9.499133299770987,149.0,259.0,584.0,5,152.1933587914353,-975681034,13.228049221612793
81.47413967885049,9.499133299770987,165.0,462.0,789.0,5,152.1933587914353,742433035,13.228049221612793
81.47413967885049,9.499133299770987,158.0,597.0,527.0,5,152.1933587914353,2120075738,13.228049221612793
81.47413967885049,9.499133299770987,163.0,614.0,322.0,5,152.1933587914353,-67204387,13.228049221612793
81.47413967885049,9.499133299770987,166.0,479.0,883.0,5,152.1933587914353,-1352019483,13.228049221612793
81.47413967885049,9.499133299770987,151.0,438.0,556.0,5,152.1933587914353,1079042359,13.228049221612793
81.47413967885049,9.499133299770987,181.0,511.0,551.0,5,152.1933587914353,-572017559,13.228049221612793
81.47413967885049,9.499133299770987,158.0,517.0,571.0,5,152.1933587914353,1962372025,13.228049221612793
81.47413967885049,9.499133299770987,190.0,255.0,626.0,5,152.1933587914353,1966984721,13.228049221612793
81.47413967885049,9.499133299770987,177.0,466.0,617.0,5,152.1933587914353,1017104604,13.228049221612793
81.47413967885049,9.499133299770987,173.0,461.0,939.0,5,152.1933587914353,696939502,13.228049221612793
81.47413967885049,9.499133299770987,162.0,416.0,578.0,5,152.1933587914353,-1578220335,13.228049221612793
81.47413967885049,9.499133299770987,156.0,260.0,603.0,5,152.1933587914353,-1533020236,13.228049221612793
81.47413967885049,9.499133299770987,164.0,404.0,727.0,5,152.1933587914353,-82106788,13.228049221612793
81.47413967885049,9.499133299770987,170.0,504.0,830.0,5,152.1933587914353,1700754130,13.228049221612793
81.47413967885049,9.499133299770987,160.0,456.0,573.0,5,152.1933587914353,82452374,13.228049221612793
81.47413967885049,9.499133299770987,195.0,288.0,665.0,5,152.1933587914353,2120350907,13.228049221612793
81.47413967885049,9.499133299770987,223.0,231.0,592.0,5,152.1933587914353,1450473553,13.228049221612793
81.47413967885049,9.499133299770987,178.0,243.0,597.0,5,152.1933587914353,1963286532,13.228049221612793
81.47413967885049,9.499133299770987,144.0,395.0,802.0,5,152.1933587914353,-1064279768,13.228049221612793
81.47413967885049,9.499133299770987,154.0,394.0,739.0,5,152.1933587914353,522315919,13.228049221612793
81.47413967885049,9.499133299770987,166.0,455.0,769.0,5,152.1933587914353,-2083948639,13.228049221612793
9.196529099792999,87.78272019804771,744.0,801.0,1438.0,4,174.15814435611276,1578823077,88.67830610999168
9.196529099792999,87.78272019804771,674.0,1069.0,1277.0,4,174.15814435611276,-2143373836,88.67830610999168
9.196529099792999,87.78272019804771,742.0,1017.0,1214.0,4,174.15814435611276,78009932,88.67830610999168
9.196529099792999,87.78272019804771,880.0,1148.0,1370.0,4,174.15814435611276,-500022879,88.67830610999168
9.196529099792999,87.78272019804771,756.0,1168.0,1509.0,4,174.15814435611276,1251435725,88.67830610999168
9.196529099792999,87.78272019804771,691.0,1109.0,1927.0,4,174.15814435611276,-1747699134,88.67830610999168
9.196529099792999,87.78272019804771,643.0,907.0,1324.0,4,174.15814435611276,114712551,88.67830610999168
9.196529099792999,87.78272019804771,583.0,1088.0,1752.0,4,174.15814435611276,-260279287,88.67830610999168
9.196529099792999,87.78272019804771,780.0,1070.0,1571.0,4,174.15814435611276,-505838601,88.67830610999168
9.196529099792999,87.78272019804771,690.0,797.0,1541.0,4,174.15814435611276,-1347330659,88.67830610999168
9.196529099792999,87.78272019804771,726.0,944.0,1542.0,4,174.15814435611276,-562193782,88.67830610999168
9.196529099792999,87.78272019804771,812.0,917.0,1800.0,4,174.15814435611276,-263770146,88.67830610999168
9.196529099792999,87.78272019804771,645.0,901.0,1612.0,4,174.15814435611276,1465224573,88.67830610999168
9.196529099792999,87.78272019804771,622.0,877.0,1531.0,4,174.15814435611276,1845983494,88.67830610999168
9.196529099792999,87.78272019804771,646.0,817.0,1385.0,4,174.15814435611276,574004709,88.67830610999168
9.196529099792999,87.78272019804771,630.0,1100.0,1464.0,4,174.15814435611276,-2136370016,88.67830610999168
9.196529099792999,87.78272019804771,642.0,877.0,1477.0,4,174.15814435611276,-1307665305,88.67830610999168
9.196529099792999,87.78272019804771,723.0,877.0,1794.0,4,174.15814435611276,-715802477,88.67830610999168
9.196529099792999,87.78272019804771,681.0,872.0,1801.0,4,174.15814435611276,963774976,88.67830610999168
9.196529099792999,87.78272019804771,693.0,1044.0,1392.0,4,174.15814435611276,1865832451,88.67830610999168
9.196529099792999,87.78272019804771,767.0,1112.0,1840.0,4,174.15814435611276,-1990776806,88.67830610999168
9.196529099792999,87.78272019804771,676.0,1194.0,1669.0,4,174.15814435611276,871803230,88.67830610999168
9.196529099792999,87.78272019804771,656.0,868.0,1452.0,4,174.15814435611276,675637301,88.67830610999168
9.196529099792999,87.78272019804771,836.0,855.0,1398.0,4,174.15814435611276,1184383027,88.67830610999168
9.196529099792999,87.78272019804771,739.0,1217.0,1303.0,4,174.15814435611276,-1099371316,88.67830610999168
9.196529099792999,87.78272019804771,666.0,1002.0,1635.0,4,174.15814435611276,932545860,88.67830610999168
9.196529099792999,87.78272019804771,630.0,1035.0,1538.0,4,174.15814435611276,-1707922014,88.67830610999168
9.196529099792999,87.78272019804771,846.0,1000.0,1564.0,4,174.15814435611276,775104708,88.67830610999168
9.196529099792999,87.78272019804771,601.0,1098.0,1504.0,4,174.15814435611276,1049441752,88.67830610999168
9.196529099792999,87.78272019804771,906.0,995.0,1463.0,4,174.15814435611276,-2093438953,88.67830610999168
9.196529099792999,87.78272019804771,591.0,942.0,1599.0,4,174.15814435611276,1668483956,88.67830610999168
9.196529099792999,87.78272019804771,690.0,977.0,1485.0,4,174.15814435611276,1209939003,88.67830610999168
9.196529099792999,87.78272019804771,690.0,1030.0,1801.0,4,174.15814435611276,-527362407,88.67830610999168
9.196529099792999,87.78272019804771,764.0,970.0,1481.0,4,174.15814435611276,-2141120601,88.67830610999168
9.196529099792999,87.78272019804771,791.0,1115.0,1385.0,4,174.15814435611276,-1583289898,88.67830610999168
9.196529099792999,87.78272019804771,741.0,985.0,1408.0,4,174.15814435611276,-1445661032,88.67830610999168
9.196529099792999,87.78272019804771,676.0,1160.0,1837.0,4,174.15814435611276,-742846554,88.67830610999168
9.196529099792999,87.78272019804771,630.0,936.0,1498.0,4,174.15814435611276,731967555,88.67830610999168
9.196529099792999,87.78272019804771,608.0,970.0,1740.0,4,174.15814435611276,1806619285,88.67830610999168
9.196529099792999,87.78272019804771,758.0,1005.0,1400.0,4,174.15814435611276,-1201260703,88.67830610999168
9.196529099792999,87.78272019804771,564.0,1172.0,1544.0,4,174.15814435611276,330464547,88.67830610999168
9.196529099792999,87.78272019804771,653.0,923.0,1586.0,4,174.15814435611276,-117019373,88.67830610999168
9.196529099792999,87.78272019804771,666.0,918.0,1448.0,4,174.15814435611276,-22885589,88.67830610999168
9.196529099792999,87.78272019804771,757.0,985.0,1588.0,4,174.15814435611276,1029909227,88.67830610999168
9.196529099792999,87.78272019804771,782.0,1179.0,1510.0,4,174.15814435611276,-142231582,88.67830610999168
9.196529099792999,87.78272019804771,766.0,1196.0,1555.0,4,174.15814435611276,-295564430,88.67830610999168
9.196529099792999,87.78272019804771,738.0,828.0,1686.0,4,174.15814435611276,-136123641,88.67830610999168
9.196529099792999,87.78272019804771,633.0,1077.0,1475.0,4,174.15814435611276,343786739,88.67830610999168
9.196529099792999,87.78272019804771,674.0,1056.0,1751.0,4,174.15814435611276,-2056746685,88.67830610999168
9.196529099792999,87.78272019804771,643.0,1039.0,1680.0,4,174.15814435611276,2036662399,88.67830610999168
9.196529099792999,87.78272019804771,811.0,953.0,1627.0,4,174.15814435611276,-481464258,88.67830610999168
9.196529099792999,87.78272019804771,679.0,1147.0,1411.0,4,174.15814435611276,-148045328,88.67830610999168
9.196529099792999,87.78272019804771,653.0,1113.0,1592.0,4,174.15814435611276,1019520474,88.67830610999168
9.196529099792999,87.78272019804771,728.0,1135.0,1499.0,4,174.15814435611276,-540225282,88.67830610999168
9.196529099792999,87.78272019804771,766.0,1012.0,1692.0,4,174.15814435611276,2094064422,88.67830610999168
9.196529099792999,87.78272019804771,812.0,882.0,1666.0,4,174.15814435611276,629933208,88.67830610999168
9.196529099792999,87.78272019804771,676.0,1063.0,1415.0,4,174.15814435611276,84118081,88.67830610999168
9.196529099792999,87.78272019804771,616.0,896.0,1869.0,4,174.15814435611276,-2134971209,88.67830610999168
37.76599219826273,45.165921887273456,441.0,901.0,1557.0,3,167.56407797617823,-1785894656,28.953236102553916
9.196529099792999,87.78272019804771,667.0,849.0,1659.0,4,174.15814435611276,85871189,88.67830610999168
9.196529099792999,87.78272019804771,586.0,1048.0,1712.0,4,174.15814435611276,1819042826,88.67830610999168
9.196529099792999,87.78272019804771,729.0,914.0,1833.0,4,174.15814435611276,-1621674392,88.67830610999168
9.196529099792999,87.78272019804771,677.0,906.0,1606.0,4,174.15814435611276,-1399621762,88.67830610999168
9.196529099792999,87.78272019804771,687.0,943.0,1659.0,4,174.15814435611276,-608143155,88.67830610999168
37.76599219826273,45.165921887273456,462.0,830.0,1853.0,3,167.56407797617823,2143082611,28.953236102553916
9.196529099792999,87.78272019804771,722.0,955.0,1502.0,4,174.15814435611276,569152626,88.67830610999168
37.76599219826273,45.165921887273456,402.0,992.0,1655.0,3,167.56407797617823,-1502758689,28.953236102553916
37.76599219826273,45.165921887273456,612.0,946.0,1566.0,3,167.56407797617823,1995558020,28.953236102553916
37.76599219826273,45.165921887273456,492.0,1061.0,1344.0,3,167.56407797617823,2143083847,28.953236102553916
37.76599219826273,45.165921887273456,360.0,804.0,1603.0,3,167.56407797617823,-1222153419,28.953236102553916
37.76599219826273,45.165921887273456,423.0,1041.0,1594.0,3,167.56407797617823,-2020665407,28.953236102553916
37.76599219826273,45.165921887273456,560.0,899.0,1852.0,3,167.56407797617823,1053940615,28.953236102553916
37.76599219826273,45.165921887273456,335.0,959.0,1706.0,3,167.56407797617823,260499829,28.953236102553916
37.76599219826273,45.165921887273456,573.0,1044.0,1441.0,3,167.56407797617823,-1710480156,28.953236102553916
37.76599219826273,45.165921887273456,408.0,843.0,1587.0,3,167.56407797617823,681292231,28.953236102553916
37.76599219826273,45.165921887273456,533.0,1059.0,1665.0,3,167.56407797617823,700675554,28.953236102553916
37.76599219826273,45.165921887273456,416.0,931.0,1507.0,3,167.56407797617823,-776982207,28.953236102553916
37.76599219826273,45.165921887273456,382.0,943.0,1687.0,3,167.56407797617823,-231279070,28.953236102553916
37.76599219826273,45.165921887273456,383.0,950.0,1473.0,3,167.56407797617823,-1561597788,28.953236102553916
37.76599219826273,45.165921887273456,373.0,830.0,1457.0,3,167.56407797617823,608544262,28.953236102553916
37.76599219826273,45.165921887273456,604.0,956.0,1483.0,3,167.56407797617823,1907437276,28.953236102553916
37.76599219826273,45.165921887273456,489.0,903.0,1841.0,3,167.56407797617823,269292939,28.953236102553916
37.76599219826273,45.165921887273456,391.0,984.0,1511.0,3,167.56407797617823,-378270153,28.953236102553916
37.76599219826273,45.165921887273456,579.0,986.0,1306.0,3,167.56407797617823,1409000037,28.953236102553916
37.76599219826273,45.165921887273456,341.0,967.0,1589.0,3,167.56407797617823,-1992933704,28.953236102553916
37.76599219826273,45.165921887273456,379.0,1014.0,1710.0,3,167.56407797617823,1292474568,28.953236102553916
37.76599219826273,45.165921887273456,282.0,815.0,1579.0,3,167.56407797617823,-625201252,28.953236102553916
37.76599219826273,45.165921887273456,378.0,1057.0,1707.0,3,167.56407797617823,-1331946535,28.953236102553916
37.76599219826273,45.165921887273456,436.0,1115.0,1525.0,3,167.56407797617823,-996613874,28.953236102553916
37.76599219826273,45.165921887273456,507.0,960.0,1827.0,3,167.56407797617823,97826706,28.953236102553916
37.76599219826273,45.165921887273456,524.0,882.0,1512.0,3,167.56407797617823,-1718413564,28.953236102553916
37.76599219826273,45.165921887273456,348.0,933.0,1595.0,3,167.56407797617823,-1862894419,28.953236102553916
37.76599219826273,45.165921887273456,274.0,900.0,1891.0,3,167.56407797617823,-582683235,28.953236102553916
37.76599219826273,45.165921887273456,660.0,802.0,1415.0,3,167.56407797617823,1979844884,28.953236102553916
37.76599219826273,45.165921887273456,414.0,938.0,1836.0,3,167.56407797617823,746307363,28.953236102553916
37.76599219826273,45.165921887273456,567.0,870.0,1641.0,3,167.56407797617823,-773879354,28.953236102553916
37.76599219826273,45.165921887273456,460.0,914.0,1714.0,3,167.56407797617823,837444475,28.953236102553916
37.76599219826273,45.165921887273456,391.0,964.0,1666.0,3,167.56407797617823,981212348,28.953236102553916
37.76599219826273,45.165921887273456,490.0,763.0,1517.0,3,167.56407797617823,1306503576,28.953236102553916
37.76599219826273,45.165921887273456,399.0,990.0,1794.0,3,167.56407797617823,304677255,28.953236102553916
37.76599219826273,45.165921887273456,289.0,1005.0,1621.0,3,167.56407797617823,181885718,28.953236102553916
37.76599219826273,45.165921887273456,378.0,923.0,1949.0,3,167.56407797617823,-858859697,28.953236102553916
37.76599219826273,45.165921887273456,317.0,920.0,1570.0,3,167.56407797617823,-1865118688,28.953236102553916
37.76599219826273,45.165921887273456,565.0,940.0,1398.0,3,167.56407797617823,1671954210,28.953236102553916
37.76599219826273,45.165921887273456,452.0,1025.0,1690.0,3,167.56407797617823,-1239724891,28.953236102553916
37.76599219826273,45.165921887273456,552.0,838.0,1638.0,3,167.56407797617823,109810442,28.953236102553916
37.76599219826273,45.165921887273456,327.0,872.0,1485.0,3,167.56407797617823,1883605471,28.953236102553916
37.76599219826273,45.165921887273456,518.0,1111.0,1484.0,3,167.56407797617823,-2094210232,28.953236102553916
37.76599219826273,45.165921887273456,543.0,1027.0,1540.0,3,167.56407797617823,-309331216,28.953236102553916
37.76599219826273,45.165921887273456,453.0,989.0,1566.0,3,167.56407797617823,1234650644,28.953236102553916
37.76599219826273,45.165921887273456,444.0,960.0,1477.0,3,167.56407797617823,966572084,28.953236102553916
37.76599219826273,45.165921887273456,435.0,794.0,1756.0,3,167.56407797617823,-499579282,28.953236102553916
37.76599219826273,45.165921887273456,434.0,825.0,1658.0,3,167.56407797617823,1302321159,28.953236102553916
37.76599219826273,45.165921887273456,473.0,841.0,1862.0,3,167.56407797617823,-2099620302,28.953236102553916
37.76599219826273,45.165921887273456,397.0,893.0,1565.0,3,167.56407797617823,522976054,28.953236102553916
37.76599219826273,45.165921887273456,520.0,858.0,1612.0,3,167.56407797617823,-1911396262,28.953236102553916
37.76599219826273,45.165921887273456,652.0,1037.0,1726.0,3,167.56407797617823,-946031561,28.953236102553916
37.76599219826273,45.165921887273456,735.0,919.0,1682.0,3,167.56407797617823,-2475873,28.953236102553916
37.76599219826273,45.165921887273456,403.0,816.0,1581.0,3,167.56407797617823,-1425932765,28.953236102553916
37.76599219826273,45.165921887273456,452.0,1052.0,1812.0,3,167.56407797617823,403312599,28.953236102553916
37.76599219826273,45.165921887273456,347.0,893.0,1653.0,3,167.56407797617823,657981412,28.953236102553916
37.76599219826273,45.165921887273456,434.0,1062.0,1590.0,3,167.56407797617823,-1310092702,28.953236102553916
56.479306102712435,65.12140643916815,762.0,1292.0,1699.0,2,140.5806442655299,138215384,55.34648207606443
37.76599219826273,45.165921887273456,667.0,990.0,1607.0,3,167.56407797617823,1727399708,28.953236102553916
37.76599219826273,45.165921887273456,328.0,1049.0,1744.0,3,167.56407797617823,1780506789,28.953236102553916
37.76599219826273,45.165921887273456,477.0,1064.0,1612.0,3,167.56407797617823,292106680,28.953236102553916
37.76599219826273,45.165921887273456,449.0,940.0,1812.0,3,167.56407797617823,-825558827,28.953236102553916
37.76599219826273,45.165921887273456,305.0,1178.0,1899.0,3,167.56407797617823,-1578137308,28.953236102553916
56.479306102712435,65.12140643916815,773.0,1049.0,1827.0,2,140.5806442655299,-577135851,55.34648207606443
56.479306102712435,65.12140643916815,624.0,1100.0,1517.0,2,140.5806442655299,1924869893,55.34648207606443
56.479306102712435,65.12140643916815,724.0,959.0,1759.0,2,140.5806442655299,1163385449,55.34648207606443
56.479306102712435,65.12140643916815,615.0,1041.0,1708.0,2,140.5806442655299,1935454051,55.34648207606443
56.479306102712435,65.12140643916815,864.0,1440.0,1675.0,2,140.5806442655299,1415567487,55.34648207606443
56.479306102712435,65.12140643916815,667.0,1046.0,1665.0,2,140.5806442655299,288659977,55.34648207606443
37.76599219826273,45.165921887273456,298.0,891.0,1812.0,3,167.56407797617823,-1882723145,28.953236102553916
56.479306102712435,65.12140643916815,765.0,1101.0,1641.0,2,140.5806442655299,456372095,55.34648207606443
56.479306102712435,65.12140643916815,606.0,1052.0,1672.0,2,140.5806442655299,1105445103,55.34648207606443
56.479306102712435,65.12140643916815,734.0,1068.0,1695.0,2,140.5806442655299,-913987682,55.34648207606443
56.479306102712435,65.12140643916815,686.0,1022.0,1908.0,2,140.5806442655299,-1155332998,55.34648207606443
56.479306102712435,65.12140643916815,642.0,979.0,1942.0,2,140.5806442655299,-1654901075,55.34648207606443
56.479306102712435,65.12140643916815,639.0,1055.0,1453.0,2,140.5806442655299,-1000487068,55.34648207606443
56.479306102712435,65.12140643916815,731.0,1014.0,1966.0,2,140.5806442655299,-1164000318,55.34648207606443
56.479306102712435,65.12140643916815,651.0,1154.0,2050.0,2,140.5806442655299,875786725,55.34648207606443
56.479306102712435,65.12140643916815,706.0,1057.0,1695.0,2,140.5806442655299,338394357,55.34648207606443
56.479306102712435,65.12140643916815,843.0,1092.0,1976.0,2,140.5806442655299,-812402642,55.34648207606443
56.479306102712435,65.12140643916815,784.0,1028.0,1429.0,2,140.5806442655299,1194772139,55.34648207606443
56.479306102712435,65.12140643916815,707.0,1120.0,1702.0,2,140.5806442655299,-1883603285,55.34648207606443
56.479306102712435,65.12140643916815,815.0,1019.0,1538.0,2,140.5806442655299,813818983,55.34648207606443
56.479306102712435,65.12140643916815,639.0,1115.0,1486.0,2,140.5806442655299,-2113783132,55.34648207606443
56.479306102712435,65.12140643916815,655.0,1103.0,1589.0,2,140.5806442655299,-1007003747,55.34648207606443
56.479306102712435,65.12140643916815,628.0,910.0,1623.0,2,140.5806442655299,1148248681,55.34648207606443
56.479306102712435,65.12140643916815,631.0,1009.0,1476.0,2,140.5806442655299,-929229231,55.34648207606443
56.479306102712435,65.12140643916815,607.0,1004.0,1525.0,2,140.5806442655299,1698016781,55.34648207606443
56.479306102712435,65.12140643916815,633.0,1038.0,1758.0,2,140.5806442655299,265395608,55.34648207606443
56.479306102712435,65.12140643916815,697.0,993.0,1883.0,2,140.5806442655299,-2087677884,55.34648207606443
56.479306102712435,65.12140643916815,741.0,905.0,1531.0,2,140.5806442655299,944933403,55.34648207606443
56.479306102712435,65.12140643916815,555.0,1099.0,1847.0,2,140.5806442655299,1874792729,55.34648207606443
56.479306102712435,65.12140643916815,700.0,1062.0,1784.0,2,140.5806442655299,1823062715,55.34648207606443
56.479306102712435,65.12140643916815,740.0,1035.0,1568.0,2,140.5806442655299,-470533948,55.34648207606443
56.479306102712435,65.12140643916815,655.0,1185.0,1910.0,2,140.5806442655299,-1143308730,55.34648207606443
56.479306102712435,65.12140643916815,680.0,1024.0,1602.0,2,140.5806442655299,-220818186,55.34648207606443
56.479306102712435,65.12140643916815,645.0,995.0,1734.0,2,140.5806442655299,-1004398406,55.34648207606443
56.479306102712435,65.12140643916815,670.0,1137.0,1619.0,2,140.5806442655299,-1541935684,55.34648207606443
56.479306102712435,65.12140643916815,790.0,1076.0,1660.0,2,140.5806442655299,945087151,55.34648207606443
56.479306102712435,65.12140643916815,688.0,965.0,1726.0,2,140.5806442655299,11749350,55.34648207606443
56.479306102712435,65.12140643916815,712.0,1078.0,1533.0,2,140.5806442655299,-834265068,55.34648207606443
56.479306102712435,65.12140643916815,612.0,1049.0,1952.0,2,140.5806442655299,-858571073,55.34648207606443
56.479306102712435,65.12140643916815,687.0,935.0,1343.0,2,140.5806442655299,-570970551,55.34648207606443
56.479306102712435,65.12140643916815,645.0,1027.0,1808.0,2,140.5806442655299,1351690177,55.34648207606443
56.479306102712435,65.12140643916815,715.0,877.0,1700.0,2,140.5806442655299,868575069,55.34648207606443
56.479306102712435,65.12140643916815,716.0,945.0,1840.0,2,140.5806442655299,1534313105,55.34648207606443
56.479306102712435,65.12140643916815,570.0,1131.0,1674.0,2,140.5806442655299,97861332,55.34648207606443
56.479306102712435,65.12140643916815,729.0,1007.0,1820.0,2,140.5806442655299,1032097277,55.34648207606443
56.479306102712435,65.12140643916815,733.0,1237.0,1929.0,2,140.5806442655299,2045463305,55.34648207606443
56.479306102712435,65.12140643916815,694.0,1071.0,1575.0,2,140.5806442655299,1112624807,55.34648207606443
56.479306102712435,65.12140643916815,707.0,1028.0,1780.0,2,140.5806442655299,723247794,55.34648207606443
56.479306102712435,65.12140643916815,743.0,1105.0,1710.0,2,140.5806442655299,-1274192464,55.34648207606443
56.479306102712435,65.12140643916815,633.0,1034.0,1713.0,2,140.5806442655299,368068169,55.34648207606443
56.479306102712435,65.12140643916815,753.0,970.0,1429.0,2,140.5806442655299,-2071286363,55.34648207606443
56.479306102712435,65.12140643916815,876.0,1066.0,1844.0,2,140.5806442655299,1855252417,55.34648207606443
56.479306102712435,65.12140643916815,719.0,983.0,2053.0,2,140.5806442655299,231778646,55.34648207606443
56.479306102712435,65.12140643916815,742.0,1188.0,1751.0,2,140.5806442655299,-254220188,55.34648207606443
56.479306102712435,65.12140643916815,791.0,890.0,1595.0,2,140.5806442655299,-1851126647,55.34648207606443
56.479306102712435,65.12140643916815,900.0,1118.0,1449.0,2,140.5806442655299,-876878781,55.34648207606443
56.479306102712435,65.12140643916815,651.0,994.0,1940.0,2,140.5806442655299,1711684740,55.34648207606443
56.479306102712435,65.12140643916815,737.0,1067.0,1704.0,2,140.5806442655299,-436084263,55.34648207606443
56.479306102712435,65.12140643916815,714.0,1098.0,1644.0,2,140.5806442655299,-263315056,55.34648207606443
56.479306102712435,65.12140643916815,679.0,976.0,1744.0,2,140.5806442655299,545935026,55.34648207606443
49.10256003961746,31.019189427189694,565.0,1667.0,2771.0,1,108.66115455715557,-1292887908,59.1493265572128
49.10256003961746,31.019189427189694,598.0,1901.0,3268.0,1,108.66115455715557,163682844,59.1493265572128
56.479306102712435,65.12140643916815,746.0,1147.0,1746.0,2,140.5806442655299,-581603934,55.34648207606443
49.10256003961746,31.019189427189694,508.0,1717.0,3649.0,1,108.66115455715557,1404978047,59.1493265572128
56.479306102712435,65.12140643916815,743.0,994.0,1645.0,2,140.5806442655299,1496313760,55.34648207606443
49.10256003961746,31.019189427189694,864.0,1670.0,3540.0,1,108.66115455715557,-1321430389,59.1493265572128
49.10256003961746,31.019189427189694,636.0,1832.0,3126.0,1,108.66115455715557,-1376453308,59.1493265572128
49.10256003961746,31.019189427189694,380.0,1592.0,3072.0,1,108.66115455715557,1251580994,59.1493265572128
56.479306102712435,65.12140643916815,761.0,942.0,1643.0,2,140.5806442655299,367392941,55.34648207606443
56.479306102712435,65.12140643916815,599.0,1143.0,1669.0,2,140.5806442655299,-839474362,55.34648207606443
49.10256003961746,31.019189427189694,824.0,2090.0,3405.0,1,108.66115455715557,-323573604,59.1493265572128
49.10256003961746,31.019189427189694,456.0,1919.0,3094.0,1,108.66115455715557,1805949781,59.1493265572128
49.10256003961746,31.019189427189694,750.0,1843.0,3202.0,1,108.66115455715557,1457383828,59.1493265572128
49.10256003961746,31.019189427189694,526.0,1801.0,3459.0,1,108.66115455715557,-1209046099,59.1493265572128
49.10256003961746,31.019189427189694,440.0,1750.0,3310.0,1,108.66115455715557,-1872035774,59.1493265572128
49.10256003961746,31.019189427189694,483.0,1585.0,3165.0,1,108.66115455715557,1974600554,59.1493265572128
49.10256003961746,31.019189427189694,513.0,1926.0,3022.0,1,108.66115455715557,646889188,59.1493265572128
49.10256003961746,31.019189427189694,593.0,1770.0,3729.0,1,108.66115455715557,-1803473641,59.1493265572128
49.10256003961746,31.019189427189694,643.0,1908.0,3528.0,1,108.66115455715557,830537203,59.1493265572128
49.10256003961746,31.019189427189694,738.0,1757.0,2818.0,1,108.66115455715557,608630240,59.1493265572128
49.10256003961746,31.019189427189694,841.0,1935.0,3072.0,1,108.66115455715557,-1179357442,59.1493265572128
49.10256003961746,31.019189427189694,586.0,1677.0,3224.0,1,108.66115455715557,-1302338473,59.1493265572128
49.10256003961746,31.019189427189694,456.0,1872.0,2989.0,1,108.66115455715557,-1658471705,59.1493265572128
49.10256003961746,31.019189427189694,545.0,1611.0,3636.0,1,108.66115455715557,-1260007477,59.1493265572128
49.10256003961746,31.019189427189694,298.0,1858.0,3238.0,1,108.66115455715557,639825556,59.1493265572128
49.10256003961746,31.019189427189694,785.0,2109.0,2926.0,1,108.66115455715557,1893511266,59.1493265572128
49.10256003961746,31.019189427189694,500.0,1588.0,3795.0,1,108.66115455715557,-1866702063,59.1493265572128
49.10256003961746,31.019189427189694,787.0,1669.0,3387.0,1,108.66115455715557,-1598169121,59.1493265572128
49.10256003961746,31.019189427189694,621.0,1748.0,3109.0,1,108.66115455715557,-599208682,59.1493265572128
49.10256003961746,31.019189427189694,838.0,1724.0,2968.0,1,108.66115455715557,266220021,59.1493265572128
49.10256003961746,31.019189427189694,495.0,1709.0,3340.0,1,108.66115455715557,-1340947814,59.1493265572128
49.10256003961746,31.019189427189694,709.0,1752.0,2953.0,1,108.66115455715557,437269887,59.1493265572128
49.10256003961746,31.019189427189694,514.0,1794.0,3684.0,1,108.66115455715557,-327814701,59.1493265572128
49.10256003961746,31.019189427189694,656.0,2001.0,3180.0,1,108.66115455715557,137700450,59.1493265572128
49.10256003961746,31.019189427189694,467.0,1831.0,2830.0,1,108.66115455715557,1478861852,59.1493265572128
49.10256003961746,31.019189427189694,542.0,1608.0,2834.0,1,108.66115455715557,2019686094,59.1493265572128
49.10256003961746,31.019189427189694,664.0,1653.0,2966.0,1,108.66115455715557,1012393852,59.1493265572128
49.10256003961746,31.019189427189694,948.0,1642.0,2764.0,1,108.66115455715557,-749068502,59.1493265572128
49.10256003961746,31.019189427189694,923.0,1682.0,3185.0,1,108.66115455715557,-1723581524,59.1493265572128
49.10256003961746,31.019189427189694,936.0,2117.0,3148.0,1,108.66115455715557,124549010,59.1493265572128
49.10256003961746,31.019189427189694,638.0,2084.0,2889.0,1,108.66115455715557,759750267,59.1493265572128
49.10256003961746,31.019189427189694,371.0,1913.0,2992.0,1,108.66115455715557,-707181916,59.1493265572128
49.10256003961746,31.019189427189694,628.0,2166.0,3527.0,1,108.66115455715557,453702005,59.1493265572128
49.10256003961746,31.019189427189694,645.0,1717.0,3297.0,1,108.66115455715557,842537887,59.1493265572128
49.10256003961746,31.019189427189694,604.0,1674.0,2804.0,1,108.66115455715557,-742801947,59.1493265572128
49.10256003961746,31.019189427189694,852.0,1932.0,3190.0,1,108.66115455715557,1899579500,59.1493265572128
49.10256003961746,31.019189427189694,774.0,1845.0,2964.0,1,108.66115455715557,-1832706346,59.1493265572128
49.10256003961746,31.019189427189694,866.0,1495.0,3843.0,1,108.66115455715557,-1864332151,59.1493265572128
49.10256003961746,31.019189427189694,436.0,2074.0,3830.0,1,108.66115455715557,-1149879318,59.1493265572128
49.10256003961746,31.019189427189694,805.0,1836.0,3839.0,1,108.66115455715557,-1561629384,59.1493265572128
49.10256003961746,31.019189427189694,339.0,2171.0,2656.0,1,108.66115455715557,-1753021558,59.1493265572128
49.10256003961746,31.019189427189694,627.0,1737.0,3287.0,1,108.66115455715557,1920744745,59.1493265572128
49.10256003961746,31.019189427189694,647.0,1928.0,3109.0,1,108.66115455715557,-1911844585,59.1493265572128
49.10256003961746,31.019189427189694,659.0,1831.0,2653.0,1,108.66115455715557,-1838908266,59.1493265572128
49.10256003961746,31.019189427189694,472.0,1675.0,2948.0,1,108.66115455715557,796804679,59.1493265572128
49.10256003961746,31.019189427189694,486.0,1706.0,3149.0,1,108.66115455715557,-1489345202,59.1493265572128
49.10256003961746,31.019189427189694,725.0,1823.0,3423.0,1,108.66115455715557,309016231,59.1493265572128
49.10256003961746,31.019189427189694,763.0,1967.0,3115.0,1,108.66115455715557,1733391743,59.1493265572128
49.10256003961746,31.019189427189694,497.0,1837.0,3186.0,1,108.66115455715557,448873880,59.1493265572128
49.10256003961746,31.019189427189694,818.0,1736.0,3166.0,1,108.66115455715557,1552375680,59.1493265572128
49.10256003961746,31.019189427189694,592.0,1932.0,3550.0,1,108.66115455715557,-915833700,59.1493265572128
49.10256003961746,31.019189427189694,471.0,1697.0,3331.0,1,108.66115455715557,-1899716395,59.1493265572128
49.10256003961746,31.019189427189694,728.0,1825.0,3244.0,1,108.66115455715557,1300692467,59.1493265572128
49.10256003961746,31.019189427189694,654.0,1856.0,3417.0,1,108.66115455715557,37739912,59.1493265572128
49.10256003961746,31.019189427189694,625.0,1896.0,3305.0,1,108.66115455715557,415197060,59.1493265572128
49.10256003961746,31.019189427189694,739.0,2013.0,3389.0,1,108.66115455715557,1400647729,59.1493265572128
49.10256003961746,31.019189427189694,440.0,1919.0,3333.0,1,108.66115455715557,-920028174,59.1493265572128
49.10256003961746,31.019189427189694,922.0,1876.0,3294.0,1,108.66115455715557,1918211856,59.1493265572128
